Map Index,URL
1,https://www.spomenikdatabase.org/bihac
2,https://www.spomenikdatabase.org/petrova-gora
3,https://www.spomenikdatabase.org/ilirska-bistrica
4,https://www.spomenikdatabase.org/drazgose
5,https://www.spomenikdatabase.org/sisak
6,https://www.spomenikdatabase.org/podgarica
7,https://www.spomenikdatabase.org/jasenovec
8,https://www.spomenikdatabase.org/vukovar
9,https://www.spomenikdatabase.org/kozara
10,https://www.spomenikdatabase.org/sanski
11,https://www.spomenikdatabase.org/knin
12,https://www.spomenikdatabase.org/vodice
13,https://www.spomenikdatabase.org/kosute
14,https://www.spomenikdatabase.org/podgora
15,https://www.spomenikdatabase.org/mostar
16,https://www.spomenikdatabase.org/gornji-jelovac
17,https://www.spomenikdatabase.org/zenica
18,https://www.spomenikdatabase.org/novi-travnik
19,https://www.spomenikdatabase.org/vogosca
20,https://www.spomenikdatabase.org/tjentiste
21,https://www.spomenikdatabase.org/kadinjaca
22,https://www.spomenikdatabase.org/cacak
23,https://www.spomenikdatabase.org/maribor
24,https://www.spomenikdatabase.org/ostra
25,https://www.spomenikdatabase.org/kragujevac
26,https://www.spomenikdatabase.org/kosmaj
27,https://www.spomenikdatabase.org/niksic
28,https://www.spomenikdatabase.org/sinj
29,https://www.spomenikdatabase.org/avala
30,https://www.spomenikdatabase.org/pozarevac
31,https://www.spomenikdatabase.org/nis
32,https://www.spomenikdatabase.org/popina
33,https://www.spomenikdatabase.org/krusevac
34,https://www.spomenikdatabase.org/mitrovica
35,https://www.spomenikdatabase.org/pristina
36,https://www.spomenikdatabase.org/krusevo
37,https://www.spomenikdatabase.org/kavadarci
38,https://www.spomenikdatabase.org/stip
39,https://www.spomenikdatabase.org/gevgelija
40,https://www.spomenikdatabase.org/botun
41,https://www.spomenikdatabase.org/podhum
42,https://www.spomenikdatabase.org/kamenska
43,https://www.spomenikdatabase.org/korenica
44,https://www.spomenikdatabase.org/veles
45,https://www.spomenikdatabase.org/makarska
46,https://www.spomenikdatabase.org/prilep
47,https://www.spomenikdatabase.org/makljen
48,https://www.spomenikdatabase.org/zlatibor
49,https://www.spomenikdatabase.org/dotrscina
50,https://www.spomenikdatabase.org/slabinja
51,https://www.spomenikdatabase.org/donji-miholjac
52,https://www.spomenikdatabase.org/ulcinj
53,https://www.spomenikdatabase.org/medeno-polje
54,https://www.spomenikdatabase.org/bravsko
55,https://www.spomenikdatabase.org/drvar
56,https://www.spomenikdatabase.org/grmec
57,https://www.spomenikdatabase.org/zaostrog
58,https://www.spomenikdatabase.org/bela-crkva
59,https://www.spomenikdatabase.org/bratunac
60,https://www.spomenikdatabase.org/kraljevo
61,https://www.spomenikdatabase.org/majdanpek
62,https://www.spomenikdatabase.org/kolasin
63,https://www.spomenikdatabase.org/berane
64,https://www.spomenikdatabase.org/barutana
65,https://www.spomenikdatabase.org/golubovci
66,https://www.spomenikdatabase.org/velanija
67,https://www.spomenikdatabase.org/leskovac
68,https://www.spomenikdatabase.org/vlasotince
69,https://www.spomenikdatabase.org/kocani
70,https://www.spomenikdatabase.org/struga
71,https://www.spomenikdatabase.org/plovanija
72,https://www.spomenikdatabase.org/jajinci
73,https://www.spomenikdatabase.org/jasenica
74,https://www.spomenikdatabase.org/mirna
75,https://www.spomenikdatabase.org/pleso
76,https://www.spomenikdatabase.org/andrijevica
77,https://www.spomenikdatabase.org/draginac
78,https://www.spomenikdatabase.org/vodjenica
79,https://www.spomenikdatabase.org/glamoc
80,https://www.spomenikdatabase.org/jabuka
81,https://www.spomenikdatabase.org/crni-kal
82,https://www.spomenikdatabase.org/sarajevo
83,https://www.spomenikdatabase.org/sremska-mitrovica
84,https://www.spomenikdatabase.org/cenej
85,https://www.spomenikdatabase.org/brezovica
86,https://www.spomenikdatabase.org/landovica
87,https://www.spomenikdatabase.org/brzece
88,https://www.spomenikdatabase.org/begunje
89,https://www.spomenikdatabase.org/zajecar
90,https://www.spomenikdatabase.org/vranjske-njive
91,https://www.spomenikdatabase.org/gligino-brdo
92,https://www.spomenikdatabase.org/zagreb
93,https://www.spomenikdatabase.org/ada
94,https://www.spomenikdatabase.org/brstica
95,https://www.spomenikdatabase.org/zuzemberk
96,https://www.spomenikdatabase.org/vrtoce
97,https://www.spomenikdatabase.org/obadov-brijeg
98,https://www.spomenikdatabase.org/lepoglava
99,https://www.spomenikdatabase.org/zrenjanin
100,https://www.spomenikdatabase.org/mitrasinci
101,https://www.spomenikdatabase.org/lukovdol
102,https://www.spomenikdatabase.org/titel
103,https://www.spomenikdatabase.org/zupa
104,https://www.spomenikdatabase.org/split
105,https://www.spomenikdatabase.org/ljubljana